type,name,link
city,Abernathy,http://www.cityofabernathy.org
city,Abilene,http://www.abilenetx.com
city,Addison,http://www.addisontx.gov
city,Alamo,http://www.alamotexas.org
city,Alamo Heights,http://www.alamoheightstx.gov
city,Alba,http://www.albatexas.org
city,Albany,http://www.albanytexas.org
city,Aledo,http://www.aledo-texas.com
city,Alice,http://www.ci.alice.tx.us
city,Allen,http://www.cityofallen.org
city,Alpine,http://cityofalpine.com
city,Alto,http://www.altotexas.org
city,Alton,http://www.alton-tx.gov
city,Alvarado,http://www.cityofalvarado.org
city,Alvin,http://www.alvin-tx.gov
city,Amarillo,http://www.amarillo.gov
city,Ames,http://cityofamestexas.com
city,Anahuac,http://www.anahuac.us
city,Anderson,http://townofandersontexas.com/
city,Andrews,http://www.cityofandrews.org
city,Angleton,http://www.angleton.tx.us
city,Anna,http://www.annatexas.gov
city,Annetta,http://www.annettatx.gov
city,Annetta North,http://www.annettanorth.com
city,AnsonÂ ,http://www.anson-tx.us
city,Aransas Pass,http://www.aransaspasstx.gov
city,Archer City,http://www.archercity.org
city,Arcola,http://www.arcolatexas.org/
city,Argyle,http://www.argyletx.com
city,Arlington,http://www.arlingtontx.gov
city,Athens,http://www.athenstexas.us
city,Atlanta,http://www.atlantatexas.org
city,Aubrey,/admin/node/update/http:/www.ci.aubrey.tx.us
city,Aurora,http://www.auroratexas.gov
city,Austin,http://www.austintexas.gov
city,Avery,http://www.averytx.com
city,Azle,http://www.cityofazle.org
city,Bailey's Prairie,http://www.baileysprairie.org
city,Balch Springs,http://www.cityofbalchsprings.com
city,Balcones Heights,http://www.balconesheights.org
city,Ballinger,http://www.ballinger-tx.com
city,Balmorhea,http://www.cityofbalmorhea.com
city,Bandera,http://www.cityofbandera.org
city,Bartlett,http://www.bartlett-tx.us/
city,Bartonville,http://www.townofbartonville.com
city,Bastrop,http://www.cityofbastrop.org
city,Bay City,http://www.cityofbaycity.org
city,Bayou Vista,http://bayouvista.us
city,Baytown,http://www.baytown.org
city,Beach City,http://www.beachcitytx.us
city,Bear Creek,http://www.vilbc.org
city,Beaumont,http://www.cityofbeaumont.com
city,Bedford,http://www.bedfordtx.gov
city,Bee Cave,http://www.beecavetexas.com
city,Beeville,http://www.beevilletx.org
city,Bellaire,http://www.bellairetx.gov/
city,Bellmead,http://www.bellmead.com
city,Bells,http://www.cityofbells.org
city,Bellville,http://www.cityofbellville.com
city,Belton,http://www.beltontexas.gov
city,Benbrook,http://www.benbrook-tx.gov
city,Bertram,http://www.cityofbertram.org/
city,Beverly Hills,http://www.beverlyhillstexas.net
city,Bevil Oaks,http://www.cityofbeviloaks.com
city,Big Sandy,http://www.bigsandytx.net
city,Big Spring,http://www.mybigspring.com
city,Blanco,http://www.cityofblanco.com
city,Blooming Grove,http://www.ci.blooming-grove.tx.us
city,Blue Mound,http://www.bluemoundtexas.org
city,Blue Ridge,http://www.blueridgecity.com/
city,Boerne,http://www.ci.boerne.tx.us
city,Bogata,http://www.cityofbogata.com
city,Bonham,http://www.cityofbonham.org
city,Borger,http://www.ci.borger.tx.us
city,Bovina,http://www.cityofbovina.net
city,Bowie,http://www.cityofbowietx.com
city,Boyd,http://www.cityofboyd.com
city,Brady,http://www.bradytx.us
city,Breckenridge,http://www.breckenridgetexas.com
city,Brenham,http://www.cityofbrenham.org
city,Bridge City,http://www.bridgecitytex.com
city,Bridgeport,http://www.cityofbridgeport.net
city,Bronte,http://www.brontetexas.org/
city,Brookshire,http://www.cityofbrookshire.org
city,Brownfield,http://www.ci.brownfield.tx.us
city,Brownsville,http://www.cob.us
city,Brownwood,http://www.brownwoodtexas.gov
city,Bruceville-Eddy,http://www.bruceville-eddy.org
city,Bryan,http://www.bryantx.gov
city,Bryson,http://www.cityofbrysontexas.com
city,Buda,http://www.ci.buda.tx.us
city,Buffalo,http://www.buffalotex.com
city,Bullard,http://www.bullardtexas.net
city,Bulverde,http://www.bulverdetx.gov
city,Bunker Hill Village,http://www.bunkerhill.net
city,Burkburnett,http://www.burkburnett.org
city,Burleson,http://www.burlesontx.com
city,Burnet,http://www.cityofburnet.com
city,Caddo Mills,http://www.cityofcaddomills.com/
city,Caldwell,http://www.caldwelltx.gov
city,Callisburg,http://www.callisburgtx.com
city,Cameron,http://www.camerontexas.net
city,Camp Wood,http://www.campwood.com
city,Canadian,http://cityofcanadiantexas.com
city,Canton,http://www.cantontx.gov
city,Canyon,http://www.canyontx.com
city,Carrollton,http://www.cityofcarrollton.com
city,Carthage,http://www.carthagetexas.com
city,Carrizo Springs,http://www.cityofcarrizo.org/
city,Castle Hills,http://www.cityofcastlehills.com
city,Castroville,http://www.castrovilletx.gov
city,Cedar Hill,http://www.cedarhilltx.com
city,Cedar Park,http://www.cedarparktexas.gov
city,Celina,http://www.celina-tx.gov
city,Center,http://www.centertexas.org/
city,Chandler,http://www.chandlertx.com
city,China,http://www.chinatexas.net
city,China Grove,http://www.cityofchinagrove.org
city,Chireno,http://www.chireno.com
city,Cibolo,http://www.cibolotx.gov
city,Cisco,http://www.cityofcisco.com
city,Clear Lake Shores ,http://www.clearlakeshores-tx.gov
city,Cleburne,http://www.ci.cleburne.tx.us
city,Cleveland,http://www.clevelandtexas.com
city,Clifton,http://www.ci.clifton.tx.us
city,Clute,http://www.ci.clute.tx.us
city,Clyde,http://clydetexas.us
city,Cockrell Hill,http://www.cockrell-hill.tx.us
city,Coffee City,http://www.coffeecitytx.com
city,Coleman,http://www.cityofcolemantx.us
city,College Station,http://www.cstx.gov
city,Colleyville,http://www.colleyville.com
city,Collinsville,http://www.collinsvilletexas.org
city,Colorado City,http://www.coloradocitytexas.org
city,Columbus,http://www.columbustexas.net
city,Comanche,http://www.cityofcomanchetexas.net
city,Combine,http://www.combinetx.com
city,Commerce,http://www.commercetx.org
city,Como,http://www.cityofcomotx.com/
city,Conroe,http://www.cityofconroe.org
city,Converse,http://www.conversetx.net
city,Coppell,http://www.coppelltx.gov
city,Copper Canyon,http://www.coppercanyon-tx.org
city,Copperas Cove,http://www.copperascovetx.gov
city,Coupland,http://www.cityofcouplandtx.us
city,Corinth,http://www.cityofcorinth.com
city,Corpus Christi,http://www.cctexas.com
city,Corsicana,http://www.cityofcorsicana.com
city,Cottonwood Shores,http://www.cottonwoodshores.org
city,Crandall,http://www.crandalltexas.com
city,Crane,http://cityofcranetexas.com
city,Cranfills Gap,http://www.cranfillsgaptexas.com
city,Crosbyton,http://www.cityofcrosbyton.org
city,Cross Plains,http://www.crossplains.org
city,Cross Roads,http://www.crossroadstx.gov
city,Crowley,http://www.ci.crowley.tx.us
city,Cuero,http://www.cityofcuero.com
city,Cumby,http://www.cityofcumby.com
city,Cut and Shoot,http://www.cutandshoot.org
city,Dalhart,http://www.dalharttx.gov/
city,Dallas,http://www.dallascityhall.com
city,Dalworthington Gardens,http://www.cityofdwg.net
city,Dayton,http://www.cityofdaytontx.com
city,De Leon,http://www.cityofdeleon.org
city,Decatur,http://www.decaturtx.org
city,Deer Park,http://www.deerparktx.gov
city,DeKalb,http://www.cityofdekalb.com
city,Del Rio,http://www.cityofdelrio.com
city,Denison,http://www.cityofdenison.com
city,Denton,http://www.cityofdenton.com
city,DeSoto,http://www.desototexas.gov
city,Devine,http://www.cityofdevine.com
city,Diboll,http://www.cityofdiboll.com
city,Dickinson,http://www.ci.dickinson.tx.us
city,Dilley,http://www.cityofdilleytx.com
city,DISH,http://www.townofdish.com
city,Domino,http://www.dominotexas.com
city,Donna,http://www.cityofdonna.org
city,Double Oak,http://www.double-oak.com
city,Dripping Springs,http://www.cityofdrippingsprings.com
city,Dublin,http://www.ci.dublin.tx.us
city,Dumas,http://www.ci.dumas.tx.us
city,Duncanville,http://www.duncanville.com
city,Eagle Lake,http://www.coeltx.net
city,Eagle Pass,http://www.eaglepasstx.us
city,Early,http://www.earlytx.net
city,East Mountain,http://www.eastmountaintx.com/
city,East Tawakoni,http://cityofeasttawakoni.com/
city,Eastland,http://www.eastlandtexas.gov
city,Eden,http://www.edentexas.com
city,Edgecliff Village,http://cour60.wix.com/evgov
city,Edgewood,http://edgewoodtexas.org
city,Edinburg,http://www.cityofedinburg.com/index.php
city,Edna,http://www.cityofedna.com
city,El Campo,http://www.cityofelcampo.org
city,El Cenizo,http://www.cityofelcenizo.com
city,El Lago,http://www.ellago-tx.gov
city,El Paso,http://www.elpasotexas.gov
city,Electra,http://www.cityofelectra.com
city,Elgin,http://www.elgintx.com
city,Elsa,http://www.cityofelsa.net
city,Emory,http://www.cityofemory.com/
city,Enchanted Oaks,http://www.enchantedoaks.org
city,Ennis,http://www.ennis-texas.com
city,Euless,http://www.eulesstx.gov
city,Eustace,http://www.cityofeustace.com
city,Evant,http://www.cityofevant.com
city,Everman,http://www.evermantx.net
city,Fair Oaks Ranch,http://www.fairoaksranchtx.org
city,Fairfield,http://www.fairfieldtexas.net
city,Fairview,http://www.fairviewtexas.org
city,Falfurrias,http://ci.falfurrias.tx.us
city,Farmers Branch,http://www.farmersbranchtx.gov
city,Farmersville,http://www.farmersvilletx.com
city,Fate,http://www.cityoffate.com
city,Ferris,http://www.ferristx.org
city,Flatonia,http://www.destinationflatonia.com
city,Florence,http://www.florencetex.com
city,Floresville,http://www.floresvilletx.gov
city,Flower Mound,http://www.flower-mound.com
city,Forest Hill,http://www.foresthilltx.org
city,Forney,http://www.cityofforney.org
city,Fort Stockton,http://www.cityfs.net
city,Fort Worth,http://www.fortworthtexas.gov
city,Franklin,http://www.cityoffranklintx.com
city,Frankston,http://www.cityoffrankston.com
city,Fredericksburg,http://www.fbgtx.org
city,Freeport,http://www.freeport.tx.us
city,Friendswood,http://www.ci.friendswood.tx.us
city,Frisco,http://www.ci.frisco.tx.us
city,Fritch,http://www.fritchcityhall.com
city,Fulshear,http://www.fulsheartexas.gov
city,Fulton,http://www.fultontexas.org
city,Gainesville,http://www.gainesville.tx.us
city,Galena Park,http://www.cityofgalenapark-tx.gov
city,Galveston,http://www.galvestontx.gov
city,Ganado,http://www.cityofganado.com
city,Garden Ridge,http://www.ci.garden-ridge.tx.us
city,Garland,http://www.garlandtx.gov
city,Garrett,http://www.cityofgarrett.com
city,Gatesville,http://www.ci.gatesville.tx.us
city,Georgetown,http://www.georgetown.org
city,Giddings,http://www.giddings.net
city,Gilmer,http://www.gilmer-tx.com
city,Glen Rose,http://glenrosetexas.org
city,Glenn Heights,http://www.glennheights.com
city,Godley,http://www.godleytx.gov
city,Goldthwaite,http://centex.net/%7Ecity
city,Goliad,http://www.goliadtx.net
city,Gonzales,http://www.cityofgonzales.org
city,Graham,http://www.cityofgrahamtexas.com
city,Granbury,http://www.granbury.org
city,Grand Prairie,http://www.gptx.org
city,Grandview,http://www.cityofgrandview.org
city,Granger,http://www.cityofgranger.org
city,Granite Shoals,http://www.graniteshoals.org
city,Grapevine,http://www.grapevinetexas.gov
city,Greenville,http://www.ci.greenville.tx.us
city,Grey Forest,http://greyforest-tx.gov
city,Groesbeck,http://www.cityofgroesbeck.com
city,Groves,http://www.cigrovestx.com
city,Gruver,http://www.gruvertexas.com
city,Gun Barrel City,http://www.gunbarrelcity.net
city,Gunter,http://www.ci.gunter.tx.us
city,Hackberry,http://www.cityofhackberry.net
city,Hale Center,http://www.cityofhalecenter.com
city,Hallettsville,http://www.cityofhallettsville.org
city,Hallsville,http://www.cityofhallsvilletx.com
city,Haltom City,http://www.haltomcitytx.com
city,Hamilton,http://hamiltontexas.com
city,Harker Heights,http://www.ci.harker-heights.tx.us
city,Harlingen,http://www.myharlingen.us
city,Hardin,http://www.hardintexas.com
city,Haskell,http://www.city-of-haskell-texas.org
city,Haslet,http://www.haslet.org
city,Hays,http://www.haystexas.com
city,Heath,http://www.heathtx.com
city,Hedwig Village,http://www.thecityofhedwigvillage.com
city,Helotes,http://www.helotes-tx.gov
city,Hemphill,http://www.hemphill.govoffice2.com
city,Hempstead,http://www.hempsteadcitytx.com
city,Henderson,http://www.hendersontx.us
city,Henrietta,http://www.cityofhenrietta.com
city,Hereford,http://www.hereford-tx.gov
city,Hewitt,http://www.cityofhewitt.com
city,Hickory Creek,http://www.hickorycreek-tx.gov
city,Hidalgo,http://www.cityofhidalgo.net
city,Highland Haven,http://www.highlandhaventx.com
city,Highland Park,http://www.hptx.org
city,Highland Village,http://www.highlandvillage.org
city,Hill Country Village,http://www.hcv.org
city,Hillcrest Village,http://www.cityofhillcrestvillage.org
city,Hillsboro,http://www.hillsborotx.org
city,Hilshire Village,http://www.hilshirevillagetexas.com
city,Holiday Lakes,http://www.holidaylakestexas.com
city,Holland,http://www.cityofholland.org
city,Holliday,http://www.hollidaytx.org
city,Hollywood Park,http://www.hollywoodpark-tx.gov
city,Hondo,http://www.hondo-tx.org
city,Honey Grove,http://www.cityofhoneygrove.org
city,Horizon City,http://www.horizoncity.org/
city,Horseshoe Bay,http://www.horseshoe-bay-tx.gov
city,Houston,http://www.houstontx.gov
city,Howe,http://www.cityofhowe.org
city,Hubbard,http://www.hubbardcity.com
city,Hudson Oaks,http://www.hudsonoaks.com
city,Hughes Springs,http://www.hughesspringstxusa.com
city,Humble,http://cityofhumble.net
city,Hunters Creek Village,http://www.cityofhunterscreek.com
city,Huntington,http://www.cityofhuntington.org/
city,Huntsville,http://www.huntsvilletx.gov
city,Hurst,http://www.hursttx.gov
city,Hutchins,http://www.cityofhutchins.org
city,Hutto,http://www.huttotx.gov
city,Idalou,http://www.idaloutx.com
city,Indian Lake,http://www.townofindianlake.com
city,Ingleside,http://www.inglesidetx.org
city,Ingram,http://www.cityofingram.net/
city,Iowa Colony,http://www.cityofiowacolony.com
city,Iowa Park,http://www.iowapark.com
city,Irving,http://www.cityofirving.org
city,Italy,http://www.ci.italy.tx.us
city,Ivanhoe,http://www.cityofivanhoetx.com
city,Jacinto City,http://www.jacintocity-tx.gov
city,Jacksboro,http://www.cityofjacksboro.com
city,Jacksonville,http://www.jacksonville-texas.com
city,Jamaica Beach,http://www.ci.jamaicabeach.tx.us
city,Jarrell,http://www.cityofjarrell.com
city,Jasper,http://www.jaspertx.org
city,Jersey Village,http://www.jerseyvillage.info
city,Jewett,http://cityofjewetttx.com
city,Johnston City,http://www.johnsoncitytx.org
city,Jonestown,http://www.jonestown.org
city,Josephine,http://www.cityofjosephinetx.com
city,Joshua,http://www.cityofjoshuatx.us
city,Junction,http://www.cityofjunction.com
city,Katy,http://www.cityofkaty.com
city,Kaufman,http://www.kaufmantx.org
city,Keene,http://www.keenetx.com
city,Keller,http://www.cityofkeller.com
city,Kemah,http://www.kemah.net
city,Kemp,http://www.cityofkemp.org
city,Kempner,http://www.cityofkempner.org
city,Kendleton,http://www.kendletontx.net
city,Kennedale,http://www.cityofkennedale.com
city,Kerens,http://www.ci.kerens.tx.us
city,Kermit,http://www.kermittexas.us
city,Kerrville,http://www.kerrvilletx.gov
city,Kilgore,http://www.cityofkilgore.com
city,Killeen,http://www.killeentexas.gov
city,Kingbury,http://www.kingsburytexas.org/
city,Kingsville,http://www.cityofkingsville.com
city,Kirby,http://www.kirbytx.org
city,Knox City,http://www.knoxcitychamberofcommerce.com
city,Krugerville,http://www.krugerville.org
city,Krum,http://www.ci.krum.tx.us
city,Kurten,http://www.kurtentexas.com
city,Kyle,http://www.cityofkyle.com
city,La Feria,http://www.cityoflaferia.com
city,La Grange,http://www.cityoflg.com
city,La Marque,http://www.cityoflamarque.org
city,La Porte,http://www.laportetx.gov
city,La Vernia,http://www.lavernia-tx.gov
city,Lacy Lakeview,http://www.lacylakeview.org
city,Ladonia,http://www.cityofladonia.com
city,Lago Vista,http://www.lagovistatexas.org
city,Laguna Vista,http://www.lvtexas.us
city,Lake Dallas ,http://www.lakedallas.com
city,Lake Jackson,http://www.lakejackson-tx.gov
city,Lake Worth,http://www.lakeworthtx.org
city,Lakeside,http://www.lakesidetexas.us
city,Lakeside City,http://www.lakesidecitytx.org
city,Lakeway,http://www.cityoflakeway.com
city,Lakewood Village,http://www.lakewoodvillagetx.us
city,Lamesa,http://www.ci.lamesa.tx.us
city,Lampasas,http://www.cityoflampasas.com
city,Lancaster,http://www.lancaster-tx.com
city,Laredo,http://www.laredotexas.gov
city,Lavon,http://www.cityoflavon.org
city,League City,http://www.leaguecity.com
city,Leander,http://www.leandertx.gov
city,Leon Valley,http://www.leonvalleytexas.gov
city,Leonard,http://www.cityofleonard.net/
city,Levelland,http://www.levellandtexas.org
city,Lewisville,http://www.cityoflewisville.com
city,Liberty,http://www.cityofliberty.org
city,Liberty Hill,http://www.lhtexas.com
city,Lindale,http://www.lindaletx.gov
city,Little Elm,http://www.littleelmtx.us
city,Littlefield,http://www.littlefieldtexas.org
city,Live Oak,http://www.liveoaktx.net
city,Livingston,http://www.cityoflivingston-tx.com
city,Llano,http://www.cityofllano.com
city,Lockhart,http://www.lockhart-tx.org
city,Lometa,http://www.lometatx.com/
city,Lone Oak,http://www.loneoaktx.gov/
city,Lone Star,http://www.lonestartx.net/
city,Longview,http://www.LongviewTexas.gov
city,Lorena,http://www.ci.lorena.tx.us
city,Lorenzo,http://www.cityoflorenzo.org
city,Los Fresnos,http://www.citylf.us
city,Lowry Crossing,http://www.lowrycrossingtexas.org
city,Lubbock,http://www.ci.lubbock.tx.us
city,Lucas,http://www.lucastexas.us
city,Lufkin,http://www.cityoflufkin.com
city,Luling,http://www.cityofluling.net
city,Lumberton,http://www.cityoflumberton.com
city,Mabank,http://www.cityofmabanktx.org
city,Madisonville,http://www.madisonvilletexas.us
city,Magnolia,http://www.cityofmagnolia.com
city,Malakoff,http://cityofmalakoff.net
city,Manor,http://www.cityofmanor.org
city,Mansfield,http://www.mansfield-tx.gov
city,Manvel,http://www.cityofmanvel.com
city,Marble Falls,http://www.marblefallstx.gov/
city,Marion,http://www.cityofmariontx.org/
city,Marlin,http://www.marlintexas.com
city,Marshall,http://www.marshalltexas.net
city,Mart,http://www.cityofmart.net
city,Mason,http://www.mason.tx.citygovt.org
city,Mathis,http://www.cityofmathis.com
city,Maypearl,http://www.ci.maypearl.tx.us
city,McAllen,http://www.mcallen.net
city,McCamey,http://mccameycity.com
city,McGregor,http://www.mcgregor-texas.com
city,McKinney,http://www.mckinneytexas.org
city,McLendon-Chisholm,http://www.mclendon-chisholm.com
city,Meadowlakes ,http://www.meadowlakestexas.org
city,Meadows Place,http://www.cityofmeadowsplace.org
city,Melissa,http://www.cityofmelissa.com
city,Mercedes,http://www.cityofmercedes.com
city,Meridian,http://www.meridiantexas.us
city,Merkel,http://www.merkeltexas.com
city,Mesquite,http://www.cityofmesquite.com
city,Mexia,http://www.cityofmexia.com
city,Midland,http://www.midlandtexas.gov
city,Midlothian,http://www.midlothian.tx.us
city,Milano,http://www.cityofmilano.com
city,Mildred,http://www.cityofmildred.com
city,Mineola,http://www.mineola.com
city,Mineral Wells,http://www.mineralwellstx.gov
city,Mission,http://www.missiontexas.us
city,Missouri City,http://www.missouricitytx.gov
city,Moulton,http://www.ci.moulton.tx.us
city,Monahans,http://www.cityofmonahans.org
city,Mont Belvieu,http://www.montbelvieu.net
city,Montgomery,http://www.montgomerytexas.gov/
city,Mount Enterprise,http://www.mountenterprise.us
city,Moody,http://www.cityofmoody.net
city,Morgan's Point ,http://www.morganspoint-tx.com
city,Morgan's Point Resort,http://www.morganspointresorttx.com
city,Mount Pleasant,http://www.mpcity.net
city,Mount Vernon,http://www.comvtx.com
city,Mountain City,http://www.mountaincitytx.com
city,Muenster,http://www.ci.muenster.tx.us
city,Muleshoe,http://www.city-of-muleshoe.com
city,Munday,http://www.mundaytexas.com
city,Murphy,http://www.murphytx.org
city,Nacogdoches,http://www.ci.nacogdoches.tx.us
city,Nash,http://www.nashtx.org
city,Nassau Bay,http://www.nassaubay.com
city,Natalia,http://cityofnatalia.com
city,Navasota,http://www.navasotatx.gov
city,Nederland,http://www.ci.nederland.tx.us
city,Needville,http://www.cityofneedville.com
city,Nevada,http://www.cityofnevadatx.org/
city,New Braunfels,http://www.nbtexas.org
city,New Fairview,http://www.ci.new-fairview.tx.us
city,New Hope,http://newhopetx.gov/
city,Newark,http://www.newarktexas.com
city,Newton,http://www.newtontexas.org
city,Nolanville,http://www.ci.nolanville.tx.us
city,Noonday,http://www.cityofnoonday.org
city,North Richland Hills,http://www.nrhtx.com
city,Northlake,http://www.town.northlake.tx.us
city,Oak Leaf,http://www.oakleaftexas.org
city,Oak Point,http://www.oakpointtexas.com
city,Oak Ridge,http://townofoakridge.com
city,Oak Ridge North,http://www.oakridgenorth.com
city,Odem,http://www.cityofodemtx.com
city,Odessa,http://www.odessa-tx.gov
city,Olmos Park,http://www.olmospark.org
city,Olney,http://www.olney.tx.citygovt.org
city,Omaha,http://www.omahatexas.org
city,Onalaska,http://www.cityofonalaska.us
city,Orange,http://www.orangetexas.net
city,Orchard,http://www.orchardtexas.net
city,Overton,http://www.ci.overton.tx.us
city,Ovilla,http://www.cityofovilla.org
city,Palacios,http://www.cityofpalacios.org
city,Palestine,http://www.cityofpalestinetx.com
city,Palm Valley,http://palmvalleytx.com/
city,Palmer,http://www.ci.palmer.tx.us
city,Palmhurst,http://www.cityofpalmhursttx.com
city,Pampa,http://www.cityofpampa.org
city,Panhandle,http://www.panhandletx.govoffice2.com
city,Panorama Village,http://www.panoramavillagetx.gov/
city,Pantego,http://www.townofpantego.com
city,Paris,http://www.paristexas.gov
city,Parker,http://www.parkertexas.us
city,Pasadena,http://www.ci.pasadena.tx.us
city,Patton Village,http://www.pattonvillage.us
city,Pearland,http://www.cityofpearland.com
city,Pearsall,http://www.cityofpearsall.org
city,Pecan Hill,http://www.pecanhill.com
city,Pecos City,http://www.townofpecoscitytx.com
city,Penitas,http://www.cityofpenitas.com/
city,Petersburg,http://www.petersburgtx.com
city,Pflugerville,http://www.pflugervilletx.gov
city,Pharr,http://www.pharr-tx.gov
city,Pilot Point,http://www.cityofpilotpoint.org
city,Pinehurst,http://www.cityofpinehurst.com
city,Piney Point Village,http://www.pineypt.org
city,Pittsburg,http://www.pittsburgtexas.com
city,Plainview,http://www.plainviewtx.org
city,Plano,http://www.planotx.org
city,Pleak,http://www.villageofpleak.com
city,Pleasanton,http://www.pleasantontx.org
city,Point Comfort,http://www.cityofpointcomfort.org/cityinfo.html
city,Ponder,http://www.pondertx.com/
city,Port Aransas,http://www.cityofportaransas.org
city,Port Arthur,http://www.portarthur.net
city,Port Isabel,http://www.portisabel-texas.com/cityhall
city,Port Lavaca,http://www.portlavaca.org
city,Port Neches,http://www.ci.port-neches.tx.us
city,Portland,http://www.portlandtx.com
city,Post Oak Bend,http://www.postoakbend.org
city,Poth,http://www.cityofpoth.org
city,Pottsboro,http://www.pottsboro.govoffice2.com
city,Prairie View,http://www.prairieviewtexas.gov
city,Presidio,http://www.presidiotx.us
city,Primera,http://cityofprimera.com
city,Princeton,http://www.princetontx.gov
city,Prosper,http://www.prospertx.gov
city,Quanah,http://www.quanah.tx.citygovt.org
city,Quintana,http://www.quintanatx.org/
city,Quitman,http://www.quitmantx.org
city,Rancho Viejo,http://www.ranchoviejotexas.com
city,Ransom Canyon,http://www.ci.ransom-canyon.tx.us
city,Raymondville,http://www.raymondvilletx.us
city,Red Oak,http://www.redoaktx.org
city,Redwater,http://www.redwatertexas.com
city,Reno,http://www.renotexas.us
city,Reno,http://www.cityofrenotx.com
city,Rhome,http://www.cityofrhome.com
city,Rice,http://www.ricetx.gov
city,Richardson,http://www.cor.net
city,Richland,http://www.richlandtexas.org
city,Richland Hills,http://www.richlandhills.com
city,Richmond,http://www.richmondtx.gov
city,Richwood,http://www.richwoodtx.gov
city,Riesel,http://www.cityofriesel.org
city,Rio Bravo,http://www.cityofriobravo.com/
city,Rio Grande City,http://www.cityofrgc.com
city,Rio Hondo,http://riohondo.us
city,Rising Star,http://www.risingstartexas.net/
city,River Oaks,http://www.riveroakstx.com
city,Roanoke,http://www.roanoketexas.com
city,Robert Lee,http://www.robertleetexas.com
city,Robinson,http://www.robinsontexas.org
city,Rockdale,http://www.rockdalecityhall.com
city,Rockport,http://www.cityofrockport.com
city,Rockwall,http://www.rockwall.com
city,Rogers,http://www.cityofrogers.us
city,Rollingwood,http://www.cityofrollingwood.com
city,Roma,http://www.cityofroma.net
city,Roman Forest,http://www.cityofromanforest.org
city,Roscoe,http://www.roscoetx.com
city,Rosebud,http://www.rosebudtexas.us
city,Rosenberg,http://www.ci.rosenberg.tx.us
city,Rotan,http://www.cityofrotan.com
city,Round Rock,http://www.roundrocktexas.gov
city,Round Top,http://townofroundtoptexas.org/
city,Rowlett,http://www.rowlett.com
city,Royse City,http://www.roysecity.com
city,Runaway Bay,http://www.runawaybaytexas.com
city,Rusk,http://www.rusktx.com
city,Sadler,http://www.cityofsadler.org
city,Sachse,http://www.cityofsachse.com
city,Saginaw,http://www.ci.saginaw.tx.us
city,Saint Hedwig,http://sainthedwigcity.org
city,Saint Paul,http://www.stpaultexas.us
city,Salado,http://www.saladotx.gov
city,San Angelo,http://www.cosatx.us
city,San Antonio,http://www.sanantonio.gov
city,San Benito,http://www.cityofsanbenito.com
city,San Diego,http://cityofsandiegotexas.weebly.com/
city,San Juan,http://www.cityofsanjuantexas.com
city,San Leanna,http://www.sanleannatx.com
city,San Marcos,http://www.sanmarcostx.gov
city,San Saba,http://www.sansabatexas.com
city,Sandy Oaks,http://cityofsandyoaks.com
city,Sanger,http://www.sangertexas.org
city,Sansom Park,http://www.sansompark.org
city,Santa Clara,http://www.cisantaclaratx.us
city,Santa Fe,http://www.ci.santa-fe.tx.us
city,Savoy,http://www.cityofsavoy.org
city,Schertz,http://www.schertz.com
city,Schulenburg,http://schulenburgtx.org/
city,Seabrook,http://www.seabrooktx.gov
city,Seadrift,http://www.cityofseadrift.com
city,Seagoville,http://www.seagoville.us
city,Sealy,http://www.ci.sealy.tx.us
city,Seguin,http://www.seguintexas.gov
city,Selma,http://www.ci.selma.tx.us
city,Seven Points,http://www.sevenpointstexas.com
city, Seymour,http://www.cityofseymour.org
city,Shallowater,http://www.shallowatertx.us
city,Shamrock,http://www.shamrockedc.org
city,Shavano Park,http://www.shavanopark.org
city,Shenandoah,http://www.shenandoahtx.us
city,Shepherd,http://www.shepherdtx.org
city,Sherman,http://www.ci.sherman.tx.us
city,Shoreacres,http://www.cityofshoreacres.us
city,Silsbee,http://www.cityofsilsbee.com
city,Simonton,http://www.simontontexas.gov
city,Sinton,http://www.sintontexas.org
city,Slaton,http://www.cityofslaton.com
city,Smiley,http://www.smileytx.com/
city,Smithville,http://www.ci.smithville.tx.us
city,Smyer,http://www.smyertx.com
city,Snyder,http://www.ci.snyder.tx.us
city,Socorro,http://www.ci.socorro.tx.us
city,Somerset,http://www.somersettx.com
city,Somerville,http://www.somervilletx.us.com
city,Sonora,http://www.sonora-texas.com
city,Sour Lake,http://www.cityofsourlake.com
city,South Houston,http://www.southhoustontx.org
city,South Padre Island,http://www.myspi.org
city,Southlake,http://www.ci.southlake.tx.us
city,Southmayd,http://www.southmaydtx.com
city,Southside Place,http://www.thecityofsouthsideplace.com
city,Spring Branch,http://www.cityofspringbranch.org/home.html
city,Spring Valley,http://www.springvalleytx.com
city,Springtown,http://www.springtown.net/city.html
city,Stagecoach,http://www.stagecoachtx.us
city,Stafford,http://www.staffordtx.gov
city,Stanton,http://www.cityofstantontx.com
city,Staples,http://www.cityofstaples.com
city,Stephenville,http://www.ci.stephenville.tx.us
city,Sterling City,http://www.sterlingcitytexas.com
city,Stinnett,http://www.cityofstinnett.com
city,Stratford,http://www.stratfordtx.com
city,Strawn,http://www.strawntx.com
city,Sudan,http://www.cityofsudantx.com
city,Sugar Land,http://www.sugarlandtx.gov
city,Sulphur Springs,http://www.sulphurspringstx.org
city,Sunnyvale,http://www.townofsunnyvale.org
city,Sunray,http://www.cityofsunray.com
city,Sunrise Beach Village,http://www.cityofsunrisebeach.org
city,Sunset Valley,http://www.sunsetvalley.org
city,Surfside Beach,http://www.surfsidetx.org
city,Sweeny,http://www.ci.sweeny.tx.us
city,Sweetwater,http://www.cityofsweetwatertx.com
city,Taft,http://www.cityoftaft-tx.com
city,Tahoka,http://www.tahokatx.com
city,Talty,http://www.taltytexas.com
city,Taylor,http://www.ci.taylor.tx.us
city,Teague,http://www.cityofteaguetx.com
city,Temple,http://www.templetx.gov
city,Terrell,http://www.cityofterrell.org
city,Terrell Hills ,http://www.terrell-hills.com
city,Texarkana,http://www.ci.texarkana.tx.us
city,Texas City,http://www.texas-city-tx.org
city,The Colony,http://www.thecolonytx.gov
city,The Hills,http://www.villageofthehills.org
city,Three Rivers,http://www.threeriverstx.org
city,Tiki Island,http://www.villageoftikiisland.org
city,Timpson,http://www.cityoftimpson.com
city,Tioga,http://www.tiogatx.gov
city,Todd Mission,http://www.cityoftoddmission.org
city,Tolar,http://www.cityoftolar.org/
city,Tom Cean,http://www.tombean.net
city,Tomball,http://www.ci.tomball.tx.us
city,Tool,http://www.tooltexas.org
city,Trinidad,http://www.trinidadtexas.com
city,Trinity,http://www.cityoftrinity.com
city,Trophy Club,http://trophyclub.org/
city,Troup,http://www.trouptexas.org
city,Troy,http://www.troytexas.us
city,Tulia,http://www.tuliatexas.org
city,Turkey,http://www.turkeytexas.com
city,Tuscola,http://www.cityoftuscolatx.com/
city,Tye,http://cityoftye.org
city,Tyler,http://www.cityoftyler.org
city,Uhland,http://www.uhlandtx.us
city,Uncertain,http://www.cityofuncertain.com
city,Universal City ,http://www.UCTX.gov
city,University Park,http://www.uptexas.org
city,Uvalde,http://www.uvaldetx.com
city,Valley Mills,http://www.vmtx.us
city,Valley View,http://www.cityofvv.com
city,Van Alstyne,http://www.cityofvanalstyne.us
city,Van Horn,http://vanhorntexas.us/
city,Venus,http://www.cityofvenus.org
city,Vernon,http://www.vernontexas.org
city,Victoria,http://www.victoriatx.org
city,Vidor,http://www.cityofvidor.com
city,Vinton,http://www.vintontx.govoffice2.com
city,Volente,http://villageofvolente-tx.gov
city,Von Ormy,http://www.vonormytexas.com
city,Waco,http://www.waco-texas.com
city,Waller,http://www.wallertexas.com
city,Wallis,http://www.wallistexas.org
city,Watauga,http://www.ci.watauga.tx.us
city,Waxahachie,http://www.waxahachie.com
city,Weatherford,http://www.weatherfordtx.gov
city,Webberville,http://www.webberville.org/village_commission
city,Webster,http://www.cityofwebster.com
city,Weimar,http://www.weimartexas.org
city,Weslaco,http://www.weslacotx.gov
city,West,http://www.cityofwest.com
city,West Columbia,http://www.westcolumbiatx.org
city,West Lake Hills,http://www.westlakehills.org
city,West Orange,http://www.cityofwestorange.com
city,West Tawakoni,http://www.cityofwesttawakoni.com/
city,West University Place,http://www.westutx.gov
city,Westlake,http://www.westlake-tx.org
city,Weston,http://www.westontexas.com
city,Westworth Village,http://www.cityofwestworth.com
city,Wharton,http://www.cityofwharton.com
city,White Deer,http://www.whitedeer.us/
city,White Oak,http://www.cityofwhiteoak.com
city,White Settlement,http://www.wstx.us
city,Whitehouse,http://www.whitehousetx.org
city,Whitewright,http://www.whitewright.com
city,Wichita Falls,http://www.wichitafallstx.gov
city,Willis,http://www.ci.willis.tx.us
city,Wills Point,http://www.cityofwillspoint.com
city,Willow Park,http://www.willowpark.org
city,Wilmer,http://www.cityofwilmer.net/
city,Wimberley,http://www.cityofwimberley.com
city,Windcrest,http://www.ci.windcrest.tx.us
city,Winnsboro,http://www.winnsborotexas.com
city,Winona,http://www.winonatexas.com
city,Wolfforth,http://www.wolfforthtx.us
city,Woodbranch Village,http://www.woodbranchtx.us
city,Woodcreek,http://www.cityofwoodcreek.com
city,Woodway,http://www.woodway-texas.com
city,Wylie,http://www.wylietexas.gov
city,Yoakum,http://www.cityofyoakum.org
city,TMLData,mailto:database@tml.org?subject=TML%20Member%20City%20links
